{
  "mf_pm25": {
    "rendah": [
      92.38788996455018,
      216.79166017109625,
      296.1716894357032
    ],
    "sedang": [
      101.06551614508616,
      109.00689272175704,
      212.35078747976496
    ],
    "tinggi": [
      170.7459034132499,
      227.47623347567628,
      285.57531687524215
    ]
  },
  "mf_pm10": {
    "rendah": [
      71.75569783915934,
      149.05692824660784,
      189.04605432729252
    ],
    "sedang": [
      6.922590734730005,
      18.34587163233019,
      125.98399084528218
    ],
    "tinggi": [
      115.92387606638425,
      160.45803311271501,
      160.71471293909195
    ]
  },
  "mf_co": {
    "rendah": [
      6.964068738512902,
      7.560512913879363,
      11.922164516675915
    ],
    "sedang": [
      30.178283832676712,
      32.13806600106777,
      33.12701049263803
    ],
    "tinggi": [
      2.1864630682508768,
      6.25413386470457,
      41.124206402542725
    ]
  },
  "mf_out": {
    "Sangat Aman": [
      0,
      10,
      25
    ],
    "Aman": [
      15,
      30,
      45
    ],
    "Netral": [
      35,
      50,
      65
    ],
    "Tidak Sehat": [
      55,
      70,
      85
    ],
    "Berbahaya": [
      75,
      90,
      100
    ]
  },
  "rules": [
    [
      "rendah",
      "rendah",
      "rendah",
      "Sangat Aman"
    ],
    [
      "rendah",
      "sedang",
      "rendah",
      "Aman"
    ],
    [
      "sedang",
      "rendah",
      "rendah",
      "Aman"
    ],
    [
      "sedang",
      "sedang",
      "sedang",
      "Netral"
    ],
    [
      "rendah",
      "tinggi",
      "sedang",
      "Tidak Sehat"
    ],
    [
      "tinggi",
      "sedang",
      "sedang",
      "Tidak Sehat"
    ],
    [
      "sedang",
      "tinggi",
      "tinggi",
      "Tidak Sehat"
    ],
    [
      "tinggi",
      "tinggi",
      "sedang",
      "Berbahaya"
    ],
    [
      "tinggi",
      "tinggi",
      "tinggi",
      "Berbahaya"
    ],
    [
      "sedang",
      "sedang",
      "tinggi",
      "Tidak Sehat"
    ]
  ],
  "classes": [
    "Sangat Aman",
    "Aman",
    "Tidak Sehat",
    "Berbahaya"
  ]
}