{
  "mf_pm25": {
    "rendah": [
      11.160519751362852,
      24.459904430962688,
      92.76609397857924
    ],
    "sedang": [
      99.96462124711786,
      239.22536891945327,
      262.8678078912035
    ],
    "tinggi": [
      90.15852106224884,
      201.25479471513435,
      271.8786808278856
    ]
  },
  "mf_pm10": {
    "rendah": [
      102.51280909990051,
      152.47436277608534,
      170.9789940535136
    ],
    "sedang": [
      11.429841208048463,
      27.00936831977372,
      154.98744765450513
    ],
    "tinggi": [
      130.2117795663166,
      137.78285478330162,
      191.43441932817748
    ]
  },
  "mf_co": {
    "rendah": [
      14.139898877987257,
      19.150768172454875,
      46.065506108546245
    ],
    "sedang": [
      26.366824567813925,
      30.128445002385128,
      42.537181664752985
    ],
    "tinggi": [
      1.7923243549053725,
      14.782528175520687,
      49.856688134331606
    ]
  },
  "mf_out": {
    "Sangat Aman": [
      0,
      10,
      25
    ],
    "Aman": [
      15,
      30,
      45
    ],
    "Netral": [
      35,
      50,
      65
    ],
    "Tidak Sehat": [
      55,
      70,
      85
    ],
    "Berbahaya": [
      75,
      90,
      100
    ]
  },
  "rules": [
    [
      "rendah",
      "rendah",
      "rendah",
      "Sangat Aman"
    ],
    [
      "rendah",
      "sedang",
      "rendah",
      "Aman"
    ],
    [
      "sedang",
      "rendah",
      "rendah",
      "Aman"
    ],
    [
      "sedang",
      "sedang",
      "sedang",
      "Netral"
    ],
    [
      "rendah",
      "tinggi",
      "sedang",
      "Tidak Sehat"
    ],
    [
      "tinggi",
      "sedang",
      "sedang",
      "Tidak Sehat"
    ],
    [
      "sedang",
      "tinggi",
      "tinggi",
      "Tidak Sehat"
    ],
    [
      "tinggi",
      "tinggi",
      "sedang",
      "Berbahaya"
    ],
    [
      "tinggi",
      "tinggi",
      "tinggi",
      "Berbahaya"
    ],
    [
      "sedang",
      "sedang",
      "tinggi",
      "Tidak Sehat"
    ]
  ],
  "classes": [
    "Sangat Aman",
    "Aman",
    "Tidak Sehat",
    "Berbahaya"
  ]
}