{
  "mf_pm25": {
    "rendah": [
      154.01997262188792,
      248.2705984859609,
      265.55023845350826
    ],
    "sedang": [
      100.77867696494374,
      223.42516625382973,
      252.94874624601405
    ],
    "tinggi": [
      224.02374383459593,
      228.86175491442788,
      248.92516271772345
    ]
  },
  "mf_pm10": {
    "rendah": [
      33.331195545260115,
      41.77251808779601,
      42.05159859534429
    ],
    "sedang": [
      12.159670534633516,
      146.69172930166636,
      172.21777129744143
    ],
    "tinggi": [
      19.61168859934923,
      92.07080916903789,
      92.19298763275998
    ]
  },
  "mf_co": {
    "rendah": [
      5.941939421923287,
      9.519693497218862,
      36.78325669239651
    ],
    "sedang": [
      34.34192274341291,
      38.31428456749838,
      42.24766466743999
    ],
    "tinggi": [
      0.30104705501747264,
      42.79532407879837,
      44.14555482782945
    ]
  },
  "mf_out": {
    "Sangat Aman": [
      0,
      10,
      25
    ],
    "Aman": [
      15,
      30,
      45
    ],
    "Netral": [
      35,
      50,
      65
    ],
    "Tidak Sehat": [
      55,
      70,
      85
    ],
    "Berbahaya": [
      75,
      90,
      100
    ]
  },
  "rules": [
    [
      "rendah",
      "rendah",
      "rendah",
      "Sangat Aman"
    ],
    [
      "rendah",
      "sedang",
      "rendah",
      "Aman"
    ],
    [
      "sedang",
      "rendah",
      "rendah",
      "Aman"
    ],
    [
      "sedang",
      "sedang",
      "sedang",
      "Netral"
    ],
    [
      "rendah",
      "tinggi",
      "sedang",
      "Tidak Sehat"
    ],
    [
      "tinggi",
      "sedang",
      "sedang",
      "Tidak Sehat"
    ],
    [
      "sedang",
      "tinggi",
      "tinggi",
      "Tidak Sehat"
    ],
    [
      "tinggi",
      "tinggi",
      "sedang",
      "Berbahaya"
    ],
    [
      "tinggi",
      "tinggi",
      "tinggi",
      "Berbahaya"
    ],
    [
      "sedang",
      "sedang",
      "tinggi",
      "Tidak Sehat"
    ]
  ],
  "classes": [
    "Sangat Aman",
    "Aman",
    "Tidak Sehat",
    "Berbahaya"
  ]
}